state,county,GEO_ID,Number of Educational Institutions,Percent of Population with a Bachelor's Degree,GDP per Capita 2017
01,1,01001,0.0,18.273684210526316,25.83905080311069
01,3,01003,34.0,20.436842105263157,27.172905192761604
01,9,01009,3.0,18.923076923076923,14.114380841729238
01,15,01015,0.0,16.352941176470587,33.422039869467746
01,25,01025,0.0,17.007692307692306,31.323492385786803
01,31,01031,0.0,19.21875,27.614688778806805
01,33,01033,0.0,16.3,49.75903370992928
01,43,01043,0.0,17.255555555555556,30.48878254164474
01,45,01045,8.0,16.32857142857143,49.7873787783694
01,55,01055,0.0,18.741666666666667,26.6323255633557
01,69,01069,13.0,17.625,40.716486725323705
01,73,01073,122.0,20.119999999999997,61.51591908531223
01,77,01077,0.0,17.077777777777776,25.873463656982395
01,81,01081,27.0,19.09090909090909,37.661500539601654
01,83,01083,0.0,17.3,35.83873711761819
01,89,01089,82.0,20.766666666666666,58.95953433197533
01,93,01093,3.0,18.900000000000002,25.721704704238473
01,95,01095,9.0,17.91111111111111,31.067269733369926
01,97,01097,56.0,17.8,42.58131963082389
01,101,01101,40.0,15.19090909090909,54.85061201127157
01,103,01103,0.0,21.11111111111111,40.51080507229957
01,109,01109,3.0,19.77,39.51900141196263
01,111,01111,0.0,18.9375,18.586906347092764
01,113,01113,0.0,20.91111111111111,24.414774281805744
01,115,01115,8.0,13.516666666666666,19.76734876979882
01,117,01117,0.0,23.816666666666666,47.573488053430175
01,121,01121,5.0,20.400000000000002,33.94640737810305
01,125,01125,31.0,19.400000000000002,42.926451884318865
02,20,02020,98.0,21.4,67.01438846508509
02,90,02090,33.0,16.6,55.80357089302316
02,170,02170,20.0,14.7,21.83206605032877
02,195,02195,0.0,14.4,53.710229007633586
04,3,04003,17.0,20.436842105263157,33.66954377311961
04,5,04005,27.0,19.740909090909092,48.712562843067246
04,7,04007,0.0,18.366666666666667,37.24007902907141
04,9,04009,5.0,18.923076923076923,27.17814323607427
04,13,04013,1007.0,20.444444444444443,50.85036557565502
04,15,04015,0.0,16.352941176470587,23.941257798339937
04,17,04017,3.0,19.985714285714288,31.328066208225984
04,19,04019,250.0,20.194117647058825,38.3586085775527
04,21,04021,21.0,18.384615384615383,16.204146600680087
04,23,04023,5.0,17.233333333333334,34.96225031278312
04,25,04025,51.0,17.007692307692306,28.34355483952718
04,27,04027,11.0,17.991666666666667,38.10134569539017
05,5,05005,3.0,19.740909090909092,26.83048207723943
05,7,05007,53.0,18.366666666666667,51.01306076093129
05,9,05009,0.0,18.923076923076923,30.020369773191444
05,15,05015,5.0,16.352941176470587,28.253797422791735
05,19,05019,3.0,20.194117647058825,32.48268504112025
05,27,05027,3.0,17.991666666666667,34.65676058686229
05,29,05029,4.0,17.3,48.934952753650855
05,31,05031,19.0,19.21875,37.62326612052261
05,33,05033,0.0,16.3,24.82675187945717
05,35,05035,0.0,20.021428571428572,30.10580786557896
05,45,05045,20.0,16.32857142857143,29.89042891772893
05,51,05051,16.0,17.16,30.652570565544828
05,55,05055,5.0,18.741666666666667,29.764712537050027
05,59,05059,0.0,19.083333333333332,26.098237753882916
05,63,05063,3.0,18.80909090909091,42.64859692158396
05,69,05069,7.0,17.625,41.073585249323976
05,85,05085,0.0,20.28181818181818,16.009040353230493
05,91,05091,0.0,21.322222222222223,24.587957038391224
05,115,05115,0.0,13.516666666666666,42.3492236318879
05,119,05119,107.0,20.1,67.81002321508574
05,125,05125,14.0,19.400000000000002,16.609434676392663
05,131,05131,0.0,17.740000000000002,46.97076836104961
05,139,05139,0.0,19.633333333333333,68.0585428014592
05,143,05143,0.0,19.8,43.26056964543573
05,145,05145,10.0,14.833333333333334,29.174789723782176
06,1,06001,693.0,18.273684210526316,77.19815171068014
06,5,06005,0.0,19.740909090909092,42.60194070658875
06,7,06007,40.0,18.366666666666667,39.9753604461673
06,9,06009,4.0,18.923076923076923,32.238520096766315
06,13,06013,295.0,20.444444444444443,67.18610402624239
06,15,06015,3.0,16.352941176470587,33.00229575103855
06,17,06017,37.0,19.985714285714288,40.10414290733184
06,19,06019,122.0,20.194117647058825,42.81301151895399
06,23,06023,23.0,17.233333333333334,43.94609196250646
06,25,06025,5.0,17.007692307692306,45.50539295498369
06,29,06029,75.0,17.3,57.1567646550076
06,31,06031,0.0,19.21875,36.49636776466045
06,33,06033,8.0,16.3,32.864295186832045
06,37,06037,2787.0,19.76923076923077,68.14570893598696
06,39,06039,14.0,16.2375,43.111272986272986
06,41,06041,160.0,22.988888888888887,76.62129333548046
06,43,06043,0.0,17.255555555555556,45.12385321100918
06,45,06045,19.0,16.32857142857143,39.37133844588957
06,47,06047,13.0,14.8,35.54503908149145
06,53,06053,73.0,17.4,58.05855695711595
06,55,06055,44.0,18.741666666666667,67.41992127938725
06,57,06057,34.0,20.330000000000002,41.01026932961007
06,59,06059,1187.0,19.083333333333332,70.91399973889479
06,61,06061,123.0,20.56,56.07574169633452
06,63,06063,0.0,18.80909090909091,59.269867549668874
06,65,06065,313.0,17.625,32.73974034841584
06,67,06067,334.0,21.38888888888889,55.173599705764346
06,69,06069,9.0,17.625,42.32012408174396
06,71,06071,283.0,15.844444444444443,38.882483665060676
06,73,06073,1010.0,20.119999999999997,64.16424818000618
06,75,06075,470.0,16.733333333333334,175.13115799241666
06,77,06077,82.0,17.077777777777776,38.70320360476308
06,79,06079,69.0,18.45,57.6133143414049
06,81,06081,323.0,19.09090909090909,130.74347370489227
06,83,06083,137.0,17.3,60.63499218954573
06,85,06085,822.0,20.28181818181818,150.28855980402108
06,87,06087,137.0,21.166666666666668,49.47622254019022
06,89,06089,29.0,20.766666666666666,42.67639546386913
06,93,06093,8.0,18.900000000000002,41.61497817597059
06,95,06095,62.0,17.91111111111111,52.51142923484014
06,97,06097,161.0,17.8,54.739096064821744
06,99,06099,71.0,15.7375,41.056714406254436
06,101,06101,0.0,15.19090909090909,34.80063400395468
06,107,06107,34.0,15.779999999999998,38.7377143865966
06,109,06109,8.0,19.77,47.42670550474035
06,111,06111,217.0,18.9375,62.24811460734059
06,113,06113,37.0,20.91111111111111,62.793193951224104
06,115,06115,0.0,13.516666666666666,39.99740099673115
08,1,08001,109.0,18.273684210526316,47.01979091933996
08,3,08003,3.0,20.436842105263157,40.03144692566534
08,5,08005,247.0,19.740909090909092,68.07170785111042
08,13,08013,257.0,20.444444444444443,77.68008914647928
08,14,08014,44.0,36.2,130.14904407074965
08,15,08015,7.0,16.352941176470587,35.188330322032094
08,19,08019,0.0,20.194117647058825,55.08609700766987
08,29,08029,6.0,17.3,24.822119998676243
08,31,08031,352.0,19.21875,98.81057295343767
08,35,08035,175.0,20.021428571428572,47.44372156789431
08,37,08037,34.0,19.76923076923077,61.5850612366452
08,39,08039,6.0,16.2375,18.399625300370626
08,41,08041,0.0,22.988888888888887,47.813411160802936
08,43,08043,4.0,17.255555555555556,27.802321838587154
08,45,08045,26.0,16.32857142857143,74.22887220640263
08,49,08049,0.0,20.91,46.310484688704115
08,51,08051,15.0,17.16,62.45390070921986
08,59,08059,253.0,19.083333333333332,50.412845793390055
08,67,08067,26.0,21.38888888888889,67.01404468596816
08,69,08069,149.0,17.625,48.70922362950788
08,77,08077,38.0,17.077777777777776,40.121648140431994
08,81,08081,5.0,19.09090909090909,78.59482230392157
08,83,08083,7.0,17.3,78.54318975552968
08,85,08085,0.0,20.28181818181818,33.22584824484208
08,91,08091,3.0,21.322222222222223,42.31055233182893
08,93,08093,9.0,18.900000000000002,22.706153846153846
08,97,08097,26.0,17.8,105.45979602186284
08,101,08101,0.0,15.19090909090909,36.34014617305715
08,107,08107,16.0,15.779999999999998,67.67954349521737
08,109,08109,4.0,19.77,26.19154307352477
08,113,08113,8.0,20.91111111111111,77.87749871860585
08,117,08117,20.0,23.816666666666666,70.67794899401117
08,119,08119,0.0,20.1,37.059447179098825
08,123,08123,58.0,21.95,65.68304232332035
09,1,09001,440.0,18.273684210526316,81.92426699094717
09,3,09003,253.0,20.436842105263157,85.072826790667
09,5,09005,49.0,19.740909090909092,40.502304097498566
09,7,09007,52.0,18.366666666666667,53.38659435744318
09,9,09009,231.0,18.923076923076923,54.8250559372343
09,11,09011,0.0,19.292307692307695,62.468353448657915
09,13,09013,36.0,20.444444444444443,31.46888440328241
09,15,09015,0.0,16.352941176470587,39.4802869533915
10,1,10001,0.0,18.273684210526316,38.24374368304023
10,3,10003,0.0,20.436842105263157,76.94782500594556
10,5,10005,0.0,19.740909090909092,62.269741267727824
11,1,11001,391.0,18.273684210526316,179.9715121112567
12,1,12001,0.0,18.273684210526316,46.29865122275027
12,5,12005,0.0,19.740909090909092,41.43572233603713
12,9,12009,116.0,18.923076923076923,39.53912559861875
12,11,12011,650.0,19.292307692307695,49.84696066897445
12,15,12015,26.0,16.352941176470587,26.082990833314092
12,17,12017,16.0,19.985714285714288,24.153883697735775
12,19,12019,45.0,20.194117647058825,21.322724567245967
12,21,12021,77.0,18.384615384615383,42.43734689186992
12,23,12023,7.0,17.233333333333334,30.35460837567899
12,27,12027,0.0,17.991666666666667,25.148395234758233
12,31,12031,229.0,19.21875,63.141809103298854
12,33,12033,51.0,16.3,44.35912675365574
12,35,12035,16.0,20.021428571428572,20.056477646050563
12,39,12039,0.0,16.2375,25.722312579966605
12,51,12051,0.0,17.16,31.91864632398116
12,53,12053,23.0,17.4,20.360575849595858
12,55,12055,11.0,18.741666666666667,25.427163919861844
12,57,12057,398.0,20.330000000000002,57.226199349116676
12,61,12061,28.0,20.56,34.66770734080727
12,69,12069,66.0,17.625,24.302873871526447
12,71,12071,122.0,15.844444444444443,37.43015860547157
12,73,12073,101.0,20.119999999999997,48.086648711042706
12,75,12075,0.0,16.733333333333334,30.65567950041548
12,81,12081,89.0,19.09090909090909,33.42668522481584
12,83,12083,25.0,17.3,25.95499712023457
12,85,12085,44.0,20.28181818181818,43.17597081923208
12,86,12086,761.0,18.9,52.30128002569376
12,87,12087,33.0,21.166666666666668,54.55672682259431
12,89,12089,0.0,20.766666666666666,27.219417351947474
12,91,12091,35.0,21.322222222222223,51.53946282978476
12,95,12095,424.0,17.91111111111111,65.38386208200798
12,97,12097,61.0,17.8,25.0454718791517
12,99,12099,501.0,15.7375,49.45321256654883
12,101,12101,84.0,15.19090909090909,21.889341464981452
12,103,12103,294.0,21.11111111111111,47.54312190869639
12,105,12105,90.0,16.46,33.44792535446205
12,107,12107,9.0,15.779999999999998,27.436004693863463
12,109,12109,77.0,19.77,31.016758025933672
12,111,12111,39.0,18.9375,27.178633231022584
12,113,12113,29.0,20.91111111111111,22.094167096379618
12,115,12115,105.0,13.516666666666666,42.02782340634178
12,117,12117,166.0,23.816666666666666,41.890036949650536
12,119,12119,7.0,20.1,20.53290679548452
12,121,12121,3.0,20.400000000000002,24.195941936367372
12,127,12127,104.0,15.9,30.821264412138973
12,129,12129,0.0,23.0,18.825144051161907
12,131,12131,8.0,17.740000000000002,38.39046913658068
13,9,13009,0.0,18.923076923076923,26.93812462934083
13,13,13013,13.0,20.444444444444443,23.88869359112638
13,15,13015,17.0,16.352941176470587,42.65684105902186
13,21,13021,31.0,18.384615384615383,50.3295543875834
13,29,13029,0.0,17.3,21.94149012412923
13,31,13031,0.0,19.21875,28.732079412004015
13,39,13039,7.0,16.2375,35.07484880961494
13,45,13045,12.0,16.32857142857143,33.604692858013195
13,47,13047,9.0,14.8,20.220677091240322
13,51,13051,61.0,17.16,57.20133026976666
13,57,13057,67.0,20.330000000000002,25.39812459728016
13,59,13059,35.0,19.083333333333332,54.61356977515904
13,63,13063,19.0,18.80909090909091,62.04455954769287
13,67,13067,280.0,21.38888888888889,59.871652558884655
13,71,13071,3.0,15.844444444444443,27.70265853127043
13,73,13073,36.0,20.119999999999997,22.083361744466785
13,77,13077,22.0,17.077777777777776,25.245140021012208
13,83,13083,0.0,17.3,21.217356590099495
13,85,13085,3.0,20.28181818181818,33.5001923323503
13,89,13089,241.0,20.766666666666666,49.13631793888048
13,95,13095,0.0,17.91111111111111,44.95304954000131
13,97,13097,22.0,17.8,25.901963582396256
13,111,13111,4.0,18.9375,23.428186274509805
13,113,13113,49.0,20.91111111111111,37.54783964607546
13,115,13115,0.0,13.516666666666666,39.16328222989292
13,117,13117,103.0,23.816666666666666,39.96253194510175
13,121,13121,461.0,20.400000000000002,147.21982442944517
13,123,13123,6.0,21.95,27.01073816438171
13,127,13127,24.0,15.9,40.75699378197371
13,129,13129,4.0,23.0,37.26198071742521
13,131,13131,6.0,17.740000000000002,26.207920792079207
13,133,13133,5.0,20.049999999999997,35.897920153000236
13,135,13135,277.0,19.599999999999998,48.50146524427105
13,137,13137,3.0,20.6,30.64389899266147
13,139,13139,34.0,19.633333333333333,43.766085085422446
13,151,13151,32.0,16.15,24.092907781854294
13,153,13153,0.0,23.44,39.195349239395775
13,157,13157,6.0,17.28333333333333,39.79593115221375
13,169,13169,3.0,22.65,14.54989488437281
13,179,13179,4.0,21.625,51.6169188667096
13,185,13185,0.0,20.65,39.119588207932175
13,187,13187,3.0,20.099999999999998,21.38800012671461
13,215,13215,33.0,15.200000000000001,48.13018570630314
13,217,13217,8.0,11.0,23.06895337103254
13,223,13223,21.0,13.5,14.513933818463375
13,227,13227,6.0,16.4,29.598919025804964
13,231,13231,3.0,14.5,15.148278363747977
13,245,13245,31.0,13.05,56.91555703286236
13,247,13247,15.0,15.5,37.97205081259465
13,255,13255,7.0,12.7,29.63646560319043
13,285,13285,6.0,13.6,52.860887474255755
13,295,13295,0.0,11.2,19.696570420790277
13,297,13297,10.0,14.1,25.28162805118665
13,313,13313,0.0,10.3,53.19375162317363
15,1,15001,24.0,18.273684210526316,40.073454730676175
15,3,15003,261.0,20.436842105263157,60.52576005494616
15,7,15007,0.0,18.366666666666667,54.14220809362384
16,1,16001,135.0,18.273684210526316,54.401207031671944
16,5,16005,16.0,19.740909090909092,32.107474468869256
16,11,16011,8.0,19.292307692307695,28.420529436399303
16,13,16013,11.0,20.444444444444443,63.322985683176576
16,17,16017,9.0,19.985714285714288,30.782367698005018
16,19,16019,24.0,20.194117647058825,42.62981413716894
16,21,16021,3.0,18.384615384615383,29.290382407489183
16,27,16027,24.0,17.991666666666667,24.989663184029137
16,31,16031,0.0,19.21875,63.61971710974778
16,39,16039,0.0,16.2375,43.3364592863678
16,49,16049,4.0,20.91,26.857019969278035
16,51,16051,5.0,17.16,20.061765778912804
16,53,16053,3.0,17.4,54.913320890663655
16,55,16055,43.0,18.741666666666667,35.31274645635724
16,57,16057,10.0,20.330000000000002,31.024084554358218
16,65,16065,0.0,17.625,28.50001307497189
16,69,16069,0.0,17.625,46.58851901834358
16,79,16079,3.0,18.45,36.15012009607686
16,81,16081,0.0,19.09090909090909,25.818021529324426
16,83,16083,12.0,17.3,39.31237233732127
16,85,16085,0.0,20.28181818181818,44.662410926365794
17,1,17001,0.0,18.273684210526316,47.00979232485364
17,7,17007,5.0,18.366666666666667,27.8648905626608
17,19,17019,0.0,20.194117647058825,48.13287103382609
17,21,17021,3.0,18.384615384615383,40.05863774506883
17,29,17029,0.0,17.3,43.05917396269509
17,31,17031,1460.0,19.21875,67.66290213248307
17,33,17033,0.0,16.3,158.09940668262726
17,37,17037,16.0,19.76923076923077,33.72619719927637
17,43,17043,404.0,17.255555555555556,87.73108176848467
17,49,17049,4.0,20.91,57.40762205830699
17,55,17055,3.0,18.741666666666667,28.72998829576103
17,57,17057,3.0,20.330000000000002,24.560882097780762
17,63,17063,0.0,18.80909090909091,63.16947132100213
17,77,17077,7.0,17.077777777777776,45.036335955341286
17,83,17083,4.0,17.3,22.208732838172406
17,89,17089,123.0,20.766666666666666,40.55888908617648
17,91,17091,9.0,21.322222222222223,39.40838981597639
17,93,17093,0.0,18.900000000000002,23.409499483458468
17,95,17095,7.0,17.91111111111111,34.328434616732196
17,97,17097,253.0,17.8,83.33022274711985
17,99,17099,0.0,15.7375,48.24365952623008
17,107,17107,0.0,15.779999999999998,35.79913863266413
17,111,17111,78.0,18.9375,33.00348977253176
17,113,17113,41.0,20.91111111111111,68.26906269663051
17,115,17115,10.0,13.516666666666666,57.98716387667655
17,117,17117,4.0,23.816666666666666,23.853241949521323
17,119,17119,49.0,20.1,40.55595465765931
17,121,17121,0.0,20.400000000000002,33.62271243962929
17,133,17133,6.0,20.049999999999997,26.170277720145826
17,135,17135,4.0,19.599999999999998,43.67469920817194
17,137,17137,3.0,20.6,39.65486905522327
17,143,17143,32.0,19.8,60.095323538102015
17,159,17159,3.0,13.9,57.99993731586535
17,161,17161,0.0,19.8,71.16099996580144
17,163,17163,36.0,18.633333333333333,40.147356797374
17,167,17167,46.0,17.833333333333332,51.10219346502872
17,177,17177,7.0,18.400000000000002,41.393289556927506
17,179,17179,23.0,21.625,60.71084301570214
17,183,17183,8.0,20.675,40.35888242200816
17,195,17195,4.0,14.4,36.562325114830266
17,197,17197,174.0,21.7,40.25627901769161
17,199,17199,11.0,19.5,40.022126057767835
17,201,17201,52.0,16.4,44.37118798519714
17,203,17203,7.0,13.6,29.706460890555185
18,1,18001,3.0,18.273684210526316,38.59023930550003
18,3,18003,82.0,20.436842105263157,51.952513548716915
18,5,18005,16.0,19.740909090909092,74.83337035939968
18,11,18011,15.0,19.292307692307695,68.93869518988146
18,13,18013,0.0,20.444444444444443,15.78243486373026
18,19,18019,0.0,20.194117647058825,37.90498115638029
18,23,18023,0.0,17.233333333333334,31.710614697273147
18,27,18027,4.0,17.991666666666667,34.07187967172102
18,31,18031,0.0,19.21875,51.898829305135955
18,33,18033,6.0,16.3,56.86997930580378
18,35,18035,19.0,20.021428571428572,33.0172419741586
18,37,18037,4.0,19.76923076923077,60.71783194506713
18,39,18039,28.0,16.2375,59.03388953499832
18,43,18043,13.0,17.255555555555556,33.09083301735071
18,53,18053,5.0,17.4,56.639473489610296
18,55,18055,3.0,18.741666666666667,17.530634269680245
18,57,18057,141.0,20.330000000000002,51.45227277864424
18,59,18059,12.0,19.083333333333332,28.93761679674618
18,63,18063,27.0,18.80909090909091,36.46773092242524
18,67,18067,16.0,21.38888888888889,63.89535151654802
18,69,18069,7.0,17.625,35.04156626506024
18,73,18073,0.0,20.119999999999997,41.30393446543889
18,75,18075,0.0,16.733333333333334,41.93916710096177
18,81,18081,30.0,19.09090909090909,28.95231623136202
18,83,18083,5.0,17.3,50.55962185207743
18,85,18085,15.0,20.28181818181818,55.69637957317073
18,89,18089,99.0,20.766666666666666,45.78013644530115
18,91,18091,0.0,21.322222222222223,34.7209195319337
18,93,18093,0.0,18.900000000000002,28.719153035976262
18,95,18095,21.0,17.91111111111111,25.8933593539081
18,97,18097,227.0,17.8,86.93284742819938
18,99,18099,8.0,15.7375,34.0252181724846
18,105,18105,0.0,16.46,41.28069179428951
18,107,18107,5.0,15.779999999999998,41.3778990806519
18,109,18109,6.0,19.77,20.81382940474307
18,113,18113,0.0,20.91111111111111,35.12049513928428
18,123,18123,3.0,21.95,36.24192625721567
18,127,18127,37.0,15.9,37.58919535697857
18,133,18133,4.0,20.049999999999997,27.045601044136056
18,137,18137,3.0,20.6,44.67718172846468
18,141,18141,0.0,15.15,45.026796916009275
18,151,18151,4.0,16.15,38.06558518819467
18,157,18157,0.0,17.28333333333333,42.788215884480415
18,163,18163,45.0,18.633333333333333,56.99679922565459
18,167,18167,26.0,17.833333333333332,42.40978249770244
18,173,18173,8.0,19.55,31.88171676328738
18,177,18177,11.0,18.400000000000002,38.548975691333695
18,179,18179,0.0,21.625,35.938380281690144
18,181,18181,5.0,13.7,37.04184686354463
18,183,18183,0.0,20.675,35.50138884740599
19,11,19011,0.0,19.292307692307695,26.55373157607424
19,13,19013,19.0,20.444444444444443,51.86016095066185
19,15,19015,4.0,16.352941176470587,33.563549524278834
19,17,19017,0.0,19.985714285714288,42.591124045107314
19,21,19021,3.0,18.384615384615383,68.85183366881044
19,27,19027,3.0,17.991666666666667,64.40385745055806
19,29,19029,3.0,17.3,47.49801155548886
19,33,19033,6.0,16.3,53.185839476978714
19,35,19035,0.0,20.021428571428572,73.574328409778
19,45,19045,4.0,16.32857142857143,44.039758757643895
19,47,19047,3.0,14.8,41.40972505983305
19,49,19049,19.0,20.91,57.87248961218837
19,57,19057,3.0,20.330000000000002,54.34095696659645
19,59,19059,6.0,19.083333333333332,51.449176470588235
19,61,19061,18.0,20.56,53.017997121289
19,101,19101,11.0,15.19090909090909,33.815658957927
19,103,19103,45.0,21.11111111111111,57.338473256015234
19,105,19105,0.0,16.46,26.81439319914012
19,109,19109,3.0,19.77,71.0815640247923
19,111,19111,4.0,18.9375,44.590944372574384
19,113,19113,54.0,20.91111111111111,70.72637358641504
19,125,19125,4.0,19.400000000000002,44.70948169167145
19,127,19127,4.0,15.9,38.82315446190335
19,139,19139,3.0,19.633333333333333,52.77224331943247
19,149,19149,6.0,24.7,62.64873936148959
19,153,19153,0.0,23.44,77.5014029342836
19,155,19155,0.0,11.16,47.655171674509845
19,163,19163,35.0,18.633333333333333,46.7212306041646
19,167,19167,0.0,17.833333333333332,77.38925400668742
19,169,19169,20.0,22.65,49.48357458701819
19,179,19179,3.0,21.625,45.238385096684695
19,181,19181,6.0,13.7,20.915792720542875
19,183,19183,4.0,20.675,49.06214075582711
19,191,19191,0.0,14.9,46.34663426488457
19,193,19193,16.0,14.4,45.102903405373205
20,9,20009,0.0,18.923076923076923,43.33494661395795
20,15,20015,15.0,16.352941176470587,33.4271657108361
20,37,20037,0.0,19.76923076923077,34.72040205631858
20,45,20045,40.0,16.32857142857143,37.38609238918222
20,51,20051,5.0,17.16,51.59981992589258
20,55,20055,0.0,18.741666666666667,51.93627517049896
20,91,20091,207.0,21.322222222222223,73.46853905600754
20,103,20103,7.0,21.11111111111111,31.79970765760657
20,111,20111,0.0,18.9375,35.78430724881388
20,121,20121,0.0,20.400000000000002,22.359139980591944
20,149,20149,4.0,24.7,54.88222356391237
20,155,20155,4.0,11.16,36.11679292929293
20,161,20161,19.0,19.8,32.419071020925806
20,169,20169,4.0,22.65,53.01812628763509
20,173,20173,79.0,19.55,54.33021015350138
20,177,20177,30.0,18.400000000000002,49.48363155298444
20,209,20209,10.0,18.5,63.36882991171804
21,5,21005,4.0,19.740909090909092,19.24581005586592
21,9,21009,0.0,18.923076923076923,31.68842415588005
21,15,21015,19.0,16.352941176470587,61.6162184176313
21,17,21017,0.0,19.985714285714288,36.53334665534296
21,19,21019,0.0,20.194117647058825,81.4442519490162
21,21,21021,6.0,18.384615384615383,38.59265105968495
21,29,21029,7.0,17.3,27.481786268474472
21,35,21035,5.0,20.021428571428572,33.02796768178993
21,37,21037,16.0,19.76923076923077,31.061315411093197
21,47,21047,7.0,14.8,73.6137248405533
21,49,21049,0.0,20.91,34.027630953379756
21,59,21059,0.0,19.083333333333332,40.29339700578291
21,67,21067,90.0,21.38888888888889,60.41793157288431
21,71,21071,3.0,15.844444444444443,28.805698720858814
21,73,21073,8.0,20.119999999999997,62.831675638896115
21,85,21085,3.0,20.28181818181818,25.593210608901988
21,89,21089,0.0,20.766666666666666,19.568671553926468
21,93,21093,11.0,18.900000000000002,43.85403764194653
21,95,21095,0.0,17.91111111111111,20.68110207637578
21,101,21101,0.0,15.19090909090909,41.66583066678198
21,107,21107,4.0,15.779999999999998,34.54506904425356
21,111,21111,169.0,18.9375,64.09375335239895
21,113,21113,12.0,20.91111111111111,28.689608454139005
21,117,21117,26.0,23.816666666666666,40.317616640343445
21,125,21125,0.0,19.400000000000002,32.72344368207543
21,141,21141,3.0,15.15,45.04261183744925
21,145,21145,0.0,14.833333333333334,55.48109060274182
21,151,21151,20.0,16.15,29.23238209468634
21,179,21179,0.0,21.625,33.893288427023556
21,185,21185,18.0,20.65,23.041727909891232
21,199,21199,9.0,19.5,31.312298746365713
21,209,21209,0.0,18.5,45.826115209663236
21,227,21227,0.0,16.4,43.13612062281948
22,1,22001,0.0,18.273684210526316,25.45132333445142
22,5,22005,16.0,19.740909090909092,69.78815401791336
22,11,22011,3.0,19.292307692307695,24.6529045303022
22,15,22015,0.0,16.352941176470587,44.49543349933969
22,17,22017,53.0,19.985714285714288,52.08801166213272
22,19,22019,28.0,20.194117647058825,69.82749945912767
22,33,22033,131.0,16.3,69.73815634056307
22,45,22045,11.0,16.32857142857143,42.335914705641756
22,51,22051,83.0,17.16,679.5654832033116
22,55,22055,70.0,18.741666666666667,55.17724048188725
22,57,22057,7.0,20.330000000000002,38.94621453033268
22,61,22061,5.0,20.56,40.928496297542914
22,63,22063,6.0,18.80909090909091,16.752348719145708
22,69,22069,6.0,17.625,35.0649663260864
22,71,22071,109.0,15.844444444444443,58.323585328531465
22,73,22073,0.0,20.119999999999997,45.988908989791156
22,75,22075,0.0,16.733333333333334,141.39740959220313
22,79,22079,22.0,18.45,39.822811932162324
22,87,22087,0.0,21.166666666666668,29.41908713692946
22,89,22089,3.0,20.766666666666666,175.1600667576999
22,93,22093,3.0,18.900000000000002,140.553130090761
22,95,22095,7.0,17.91111111111111,58.821485137151384
22,97,22097,8.0,17.8,29.855551567360614
22,99,22099,3.0,15.7375,26.071238038389076
22,101,22101,3.0,15.19090909090909,45.838677773973906
22,103,22103,50.0,21.11111111111111,35.7057355307563
22,105,22105,17.0,16.46,29.98403570042685
22,109,22109,28.0,19.77,47.59177301953709
22,113,22113,0.0,20.91111111111111,28.889139553149178
22,115,22115,7.0,13.516666666666666,35.644260779100684
22,121,22121,4.0,20.400000000000002,123.84379653577867
23,1,23001,11.0,18.273684210526316,38.65152771695072
23,3,23003,6.0,20.436842105263157,33.80254212667054
23,5,23005,136.0,19.740909090909092,65.45596926407376
23,9,23009,23.0,18.923076923076923,39.008647279136376
23,11,23011,39.0,19.292307692307695,40.96264294371295
23,13,23013,0.0,20.444444444444443,38.625264483627205
23,15,23015,10.0,16.352941176470587,29.250903853502248
23,17,23017,7.0,19.985714285714288,26.814677616634633
23,19,23019,32.0,20.194117647058825,38.45985789708702
23,23,23023,5.0,17.233333333333334,41.08785456200745
23,25,23025,10.0,17.007692307692306,32.92397144762129
23,27,23027,12.0,17.991666666666667,25.150330957230143
23,29,23029,9.0,17.3,32.790522280183524
23,31,23031,34.0,19.21875,35.489774340544244
24,1,24001,0.0,18.273684210526316,39.307627667341684
24,3,24003,153.0,20.436842105263157,77.7757917109458
24,5,24005,209.0,19.740909090909092,57.407811864543824
24,9,24009,0.0,18.923076923076923,51.791090460671185
24,11,24011,0.0,19.292307692307695,36.671099588226326
24,13,24013,45.0,20.444444444444443,34.47853501395538
24,15,24015,0.0,16.352941176470587,37.23685752226215
24,17,24017,0.0,19.985714285714288,34.58237032194384
24,19,24019,3.0,20.194117647058825,39.50824430309393
24,21,24021,70.0,18.384615384615383,49.508177403953596
24,23,24023,0.0,17.233333333333334,41.23959886163437
24,25,24025,67.0,17.007692307692306,46.55228039595094
24,27,24027,183.0,17.991666666666667,74.05224723595578
24,29,24029,8.0,17.3,41.56386657174819
24,31,24031,453.0,19.21875,80.63910919766974
24,33,24033,158.0,16.3,44.93528996498966
24,35,24035,14.0,20.021428571428572,33.01402050090685
24,37,24037,19.0,19.76923076923077,57.68895016174231
24,41,24041,9.0,22.988888888888887,51.82571207389018
24,43,24043,20.0,17.255555555555556,45.97971861500809
24,45,24045,17.0,16.32857142857143,47.52374183935538
24,47,24047,9.0,14.8,52.64925619193545
24,510,24510,114.0,22.133333333333336,72.23327352870945
25,1,25001,95.0,18.273684210526316,56.99892940626461
25,3,25003,43.0,20.436842105263157,51.379597811367425
25,5,25005,117.0,19.740909090909092,42.415251985580305
25,7,25007,9.0,18.366666666666667,99.50489146164978
25,9,25009,227.0,18.923076923076923,54.349465109684736
25,11,25011,23.0,19.292307692307695,38.763161605053156
25,13,25013,104.0,20.444444444444443,44.078122202613876
25,15,25015,86.0,16.352941176470587,41.883465573180644
25,17,25017,729.0,19.985714285714288,95.36442710870281
25,19,25019,0.0,20.194117647058825,157.8207478005865
25,21,25021,301.0,18.384615384615383,71.7279810020032
25,23,25023,150.0,17.233333333333334,45.82411797750602
25,25,25025,302.0,17.007692307692306,139.28994664941686
25,27,25027,0.0,17.991666666666667,48.632032547549706
26,5,26005,13.0,19.740909090909092,35.26377852731175
26,7,26007,6.0,18.366666666666667,34.888061260006964
26,15,26015,0.0,16.352941176470587,24.132031472813594
26,17,26017,16.0,19.985714285714288,32.927707641196015
26,21,26021,19.0,18.384615384615383,44.07180473449157
26,23,26023,4.0,17.233333333333334,28.937969363617572
26,25,26025,17.0,17.007692307692306,41.762341152560545
26,27,26027,0.0,17.991666666666667,19.488686110084245
26,37,26037,0.0,19.76923076923077,22.808021106814447
26,41,26041,4.0,22.988888888888887,31.341228190685534
26,45,26045,0.0,16.32857142857143,38.80281988469969
26,47,26047,8.0,14.8,46.317666323003216
26,49,26049,58.0,20.91,32.0359398463302
26,55,26055,30.0,18.741666666666667,50.4775492753941
26,61,26061,0.0,20.56,29.864503344067376
26,65,26065,81.0,17.625,49.537914286213464
26,67,26067,4.0,21.38888888888889,22.119678239044696
26,73,26073,7.0,20.119999999999997,31.577424474295753
26,75,26075,22.0,16.733333333333334,34.756869972136435
26,77,26077,53.0,17.077777777777776,46.51992456606243
26,81,26081,136.0,19.09090909090909,59.22995681798182
26,87,26087,11.0,21.166666666666668,22.004342157474067
26,89,26089,0.0,20.766666666666666,29.083008718234094
26,91,26091,11.0,21.322222222222223,25.813531470304813
26,93,26093,46.0,18.900000000000002,32.796385052368066
26,97,26097,5.0,17.8,56.582871908453306
26,99,26099,115.0,15.7375,40.980716859235734
26,103,26103,13.0,21.11111111111111,45.99227045945342
26,105,26105,5.0,16.46,34.134236111111115
26,107,26107,4.0,15.779999999999998,27.719390472661587
26,111,26111,16.0,18.9375,58.48274623004228
26,115,26115,12.0,13.516666666666666,37.41663826118341
26,121,26121,17.0,20.400000000000002,34.294608788294624
26,125,26125,418.0,19.400000000000002,79.36085226998212
26,137,26137,0.0,20.6,36.891120550996
26,139,26139,49.0,19.633333333333333,45.32858626263636
26,145,26145,34.0,14.833333333333334,40.98885466169254
26,147,26147,18.0,14.933333333333335,31.002053066768486
26,155,26155,5.0,11.16,24.122855852048325
26,159,26159,4.0,13.9,36.20218114110919
26,161,26161,119.0,19.8,58.95758888437079
26,163,26163,262.0,18.633333333333333,48.90402773068938
26,165,26165,5.0,20.775,35.730609144766824
27,3,27003,60.0,20.436842105263157,39.16707311061558
27,5,27005,3.0,19.740909090909092,37.52521459227468
27,7,27007,10.0,18.366666666666667,34.2336466944402
27,9,27009,0.0,18.923076923076923,39.7582825203252
27,13,27013,13.0,20.444444444444443,61.46039807198139
27,15,27015,4.0,16.352941176470587,51.214118765598386
27,17,27017,4.0,19.985714285714288,32.19391098056936
27,19,27019,39.0,20.194117647058825,49.90175001771273
27,25,27025,7.0,17.007692307692306,25.555076707737076
27,27,27027,0.0,17.991666666666667,28.704319793681496
27,31,27031,3.0,19.21875,46.997722960151805
27,35,27035,0.0,20.021428571428572,38.33389496890009
27,37,27037,126.0,19.76923076923077,59.85043952201227
27,41,27041,3.0,22.988888888888887,47.507142663522266
27,47,27047,4.0,14.8,36.19589143995558
27,49,27049,0.0,20.91,56.77404742294855
27,53,27053,547.0,17.4,97.39290540292285
27,59,27059,4.0,19.083333333333332,27.319925357661205
27,61,27061,8.0,20.56,43.89092999093662
27,67,27067,4.0,21.38888888888889,59.18258684266153
27,75,27075,0.0,16.733333333333334,59.93146152391756
27,79,27079,5.0,18.45,33.86127292340885
27,83,27083,4.0,17.3,52.02144325099849
27,85,27085,0.0,20.28181818181818,53.34786129104311
27,95,27095,4.0,17.91111111111111,29.60721669592354
27,97,27097,0.0,17.8,35.18999391727494
27,99,27099,6.0,15.7375,45.40874930178236
27,103,27103,4.0,21.11111111111111,44.67748006093736
27,105,27105,3.0,16.46,57.74581312345566
27,109,27109,37.0,19.77,67.19130434782609
27,111,27111,0.0,18.9375,38.79520678318048
27,115,27115,5.0,13.516666666666666,24.060364111917956
27,123,27123,159.0,21.95,71.60552935249204
27,131,27131,14.0,17.740000000000002,33.951678901472775
27,137,27137,36.0,20.6,50.176735199257095
27,139,27139,34.0,19.633333333333333,38.726663509186146
27,141,27141,12.0,15.15,33.46968182213335
27,145,27145,0.0,14.833333333333334,50.923618802318096
27,147,27147,0.0,14.933333333333335,56.897574565716155
27,161,27161,3.0,19.8,43.77563763361202
27,163,27163,70.0,18.633333333333333,37.87682236362405
27,169,27169,0.0,22.65,48.63884530906809
27,171,27171,17.0,17.9,29.987790742011743
28,3,28003,0.0,20.436842105263157,30.026341227646206
28,11,28011,3.0,19.292307692307695,28.431478518160684
28,33,28033,0.0,16.3,28.186284751279818
28,35,28035,9.0,20.021428571428572,47.00640865035933
28,43,28043,4.0,17.255555555555556,35.2688151924786
28,47,28047,26.0,14.8,39.040769909871265
28,49,28049,33.0,20.91,45.72462373946039
28,59,28059,17.0,19.083333333333332,51.91903845337334
28,67,28067,0.0,21.38888888888889,39.80188209811497
28,71,28071,6.0,15.844444444444443,35.172114363719096
28,73,28073,11.0,20.119999999999997,24.238742832592493
28,75,28075,0.0,16.733333333333334,35.265440227049005
28,81,28081,0.0,19.09090909090909,50.2009900990099
28,83,28083,4.0,17.3,35.99488592966493
28,85,28085,0.0,20.28181818181818,28.19231660008106
28,87,28087,14.0,21.166666666666668,46.80756573424225
28,89,28089,0.0,20.766666666666666,56.73378859625093
28,105,28105,0.0,16.46,30.727243278263686
28,113,28113,4.0,20.91111111111111,26.579106204260242
28,115,28115,0.0,13.516666666666666,26.737827835880932
28,121,28121,25.0,20.400000000000002,40.178054729526544
28,139,28139,3.0,19.633333333333333,21.49747646978584
28,149,28149,0.0,24.7,42.3553778151968
28,151,28151,4.0,16.15,30.039060872463647
29,1,29001,6.0,18.273684210526316,28.658922042693714
29,3,29003,3.0,20.436842105263157,16.99758036640166
29,19,29019,43.0,20.194117647058825,45.85121055736616
29,21,29021,14.0,18.384615384615383,47.877797036622866
29,23,29023,3.0,17.233333333333334,31.89711857282959
29,27,29027,3.0,17.991666666666667,33.08784854776416
29,29,29029,5.0,17.3,28.380158287816297
29,31,29031,0.0,19.21875,45.490789996539036
29,37,29037,17.0,19.76923076923077,24.45292870603015
29,43,29043,10.0,17.255555555555556,16.31454449101508
29,47,29047,51.0,14.8,41.950467661860145
29,51,29051,17.0,17.16,54.622157943425975
29,71,29071,13.0,15.844444444444443,38.483083202327826
29,77,29077,71.0,17.077777777777776,51.411575573913986
29,83,29083,4.0,17.3,29.819868095630667
29,91,29091,6.0,21.322222222222223,26.809462119136004
29,95,29095,155.0,17.91111111111111,59.42345988840381
29,97,29097,13.0,17.8,44.95357823863924
29,99,29099,19.0,15.7375,20.92742960577437
29,101,29101,9.0,15.19090909090909,28.876605921284366
29,105,29105,7.0,16.46,28.277755861136157
29,113,29113,5.0,20.91111111111111,18.973211678832115
29,127,29127,4.0,15.9,35.473922586489216
29,145,29145,3.0,14.833333333333334,29.176296855950685
29,147,29147,3.0,14.933333333333335,30.516136123812874
29,159,29159,4.0,13.9,35.79446453473256
29,161,29161,0.0,19.8,32.64381699462929
29,165,29165,0.0,20.775,60.7646518539923
29,167,29167,0.0,17.833333333333332,21.156410501802405
29,169,29169,3.0,22.65,38.291368666716856
29,183,29183,85.0,20.675,36.75621567583709
29,187,29187,0.0,20.099999999999998,28.80289216278227
29,189,29189,296.0,23.75,69.812926759236
29,201,29201,4.0,16.4,34.987750270214626
29,209,29209,3.0,18.5,18.193726410606107
29,213,29213,7.0,9.5,38.15159829122781
29,510,29510,67.0,22.133333333333336,87.27260716429477
30,9,30009,4.0,18.923076923076923,24.64121918593541
30,13,30013,12.0,20.444444444444443,44.5411777647404
30,29,30029,31.0,17.3,38.004399513245346
30,31,30031,59.0,19.21875,48.86250781769628
30,47,30047,0.0,14.8,23.5665017955146
30,49,30049,0.0,20.91,45.92668577462664
30,53,30053,0.0,17.4,25.18697075172736
30,63,30063,55.0,18.80909090909091,42.4100900806261
30,67,30067,5.0,21.38888888888889,31.06318355102806
30,81,30081,15.0,19.09090909090909,22.84417812356537
30,83,30083,5.0,17.3,83.01096010521701
30,93,30093,9.0,18.900000000000002,39.616822159123835
30,111,30111,43.0,18.9375,55.69660082388762
31,1,31001,4.0,18.273684210526316,54.30613990622228
31,19,31019,0.0,20.194117647058825,52.438956464758164
31,25,31025,3.0,17.007692307692306,32.81805354133187
31,45,31045,3.0,16.32857142857143,33.29803834150691
31,53,31053,0.0,17.4,51.81982720909886
31,55,31055,145.0,18.741666666666667,74.23655372144383
31,79,31079,0.0,18.45,52.19749154867473
31,109,31109,0.0,19.77,53.29144429538088
31,111,31111,5.0,18.9375,60.33526385335545
31,119,31119,0.0,20.1,66.38129598996063
31,131,31131,4.0,17.740000000000002,87.63250393700787
31,141,31141,0.0,15.15,74.7062813688213
31,153,31153,38.0,23.44,38.870179464346876
31,157,31157,0.0,17.28333333333333,40.206058780026844
31,185,31185,3.0,20.65,56.78426836321573
32,3,32003,474.0,20.436842105263157,47.99786597085072
32,5,32005,19.0,19.740909090909092,46.46418374202217
32,7,32007,0.0,18.366666666666667,50.04530614582737
32,13,32013,0.0,20.444444444444443,72.87517556179775
32,23,32023,0.0,17.233333333333334,36.247574833702885
32,31,32031,124.0,19.21875,53.1650563010744
32,510,32510,0.0,22.133333333333336,58.20992640956123
33,1,33001,10.0,18.273684210526316,42.98040839309077
33,3,33003,18.0,20.436842105263157,41.85129618718963
33,5,33005,17.0,19.740909090909092,44.091237567173394
33,7,33007,5.0,18.366666666666667,35.450574426352006
33,9,33009,50.0,18.923076923076923,65.36246639784946
33,11,33011,160.0,19.292307692307695,60.98470363288719
33,13,33013,48.0,20.444444444444443,58.241751037456574
33,15,33015,113.0,16.352941176470587,61.59338003630004
33,17,33017,26.0,19.985714285714288,44.79592578544788
33,19,33019,7.0,20.194117647058825,35.13720892438418
34,1,34001,50.0,18.273684210526316,45.524186043103256
34,3,34003,417.0,20.436842105263157,68.76370692596383
34,5,34005,130.0,19.740909090909092,55.09241259862152
34,7,34007,121.0,18.366666666666667,45.400592176846786
34,9,34009,0.0,18.923076923076923,50.320225491544065
34,11,34011,23.0,19.292307692307695,38.427732459084105
34,13,34013,235.0,20.444444444444443,64.46918357173467
34,15,34015,0.0,16.352941176470587,48.607615007619124
34,17,34017,150.0,19.985714285714288,64.42970713020554
34,19,34019,48.0,20.194117647058825,54.39497442668851
34,21,34021,177.0,18.384615384615383,74.49922059556141
34,23,34023,291.0,17.233333333333334,67.70452699668454
34,25,34025,262.0,17.007692307692306,49.4272417699916
34,27,34027,264.0,17.991666666666667,103.63701495648966
34,29,34029,148.0,17.3,31.43251217994265
34,31,34031,86.0,19.21875,40.859130019214085
34,33,34033,0.0,16.3,76.91189475664827
34,35,34035,167.0,20.021428571428572,108.1603163364495
34,37,34037,38.0,19.76923076923077,30.44803231872954
34,39,34039,173.0,16.2375,63.75443910141391
34,41,34041,0.0,22.988888888888887,38.89427386822053
35,1,35001,179.0,18.273684210526316,49.22449118699573
35,5,35005,5.0,19.740909090909092,31.186405720047667
35,9,35009,5.0,18.923076923076923,60.47795477596802
35,13,35013,23.0,20.444444444444443,31.388259940425254
35,15,35015,12.0,16.352941176470587,129.13360801507227
35,25,35025,0.0,17.007692307692306,95.34276670743112
35,27,35027,0.0,17.991666666666667,29.305226445094117
35,35,35035,6.0,20.021428571428572,37.94306771073238
35,39,35039,6.0,16.2375,35.65226207071347
35,43,35043,25.0,17.255555555555556,21.158088102870728
35,45,35045,16.0,16.32857142857143,48.27288821643881
35,49,35049,88.0,20.91,38.9673251352414
35,55,35055,17.0,18.741666666666667,26.570026517114208
35,61,35061,0.0,20.56,15.79827279319665
36,1,36001,111.0,18.273684210526316,90.08394581631991
36,5,36005,128.0,19.740909090909092,27.35173912625374
36,7,36007,26.0,18.366666666666667,45.20288694907303
36,9,36009,7.0,18.923076923076923,34.27603453789575
36,11,36011,4.0,19.292307692307695,31.57224939031397
36,13,36013,0.0,20.444444444444443,37.0393516041759
36,15,36015,0.0,16.352941176470587,41.132051149246685
36,17,36017,0.0,19.985714285714288,40.73032832270369
36,19,36019,7.0,20.194117647058825,43.89986949670048
36,21,36021,15.0,18.384615384615383,36.349961776809096
36,23,36023,4.0,17.233333333333334,36.86818802499276
36,25,36025,0.0,17.007692307692306,38.29388465723613
36,27,36027,83.0,17.991666666666667,41.9964421597308
36,29,36029,214.0,17.3,55.26851768678402
36,31,36031,0.0,19.21875,36.909580728689875
36,35,36035,6.0,20.021428571428572,32.06342322305625
36,37,36037,0.0,19.76923076923077,37.408835437415654
36,39,36039,7.0,16.2375,43.79841392730849
36,43,36043,4.0,17.255555555555556,27.755238866911334
36,45,36045,12.0,16.32857142857143,50.86899379755849
36,47,36047,711.0,14.8,32.42550949273297
36,51,36051,0.0,17.16,30.83149767759775
36,53,36053,14.0,17.4,29.253999442586398
36,55,36055,215.0,18.741666666666667,58.26834962867981
36,57,36057,5.0,20.330000000000002,36.551353535353535
36,59,36059,585.0,19.083333333333332,59.65484432556239
36,61,36061,1294.0,20.56,363.669722113555
36,63,36063,32.0,18.80909090909091,40.82332197014224
36,65,36065,35.0,17.625,43.224402128062536
36,67,36067,119.0,21.38888888888889,60.41854816119948
36,69,36069,23.0,17.625,49.76025426747404
36,71,36071,104.0,15.844444444444443,39.858144663567565
36,75,36075,12.0,16.733333333333334,50.623267380437774
36,77,36077,9.0,17.077777777777776,37.22888888888889
36,79,36079,38.0,18.45,30.54456888924636
36,81,36081,579.0,19.09090909090909,37.68179055093875
36,83,36083,0.0,17.3,38.05652065081352
36,85,36085,100.0,20.28181818181818,28.294952389756865
36,87,36087,122.0,21.166666666666668,56.49698332753894
36,89,36089,8.0,20.766666666666666,39.559688495447446
36,91,36091,63.0,21.322222222222223,43.76088990080836
36,93,36093,25.0,18.900000000000002,47.83716076501395
36,99,36099,0.0,15.7375,35.889820049938294
36,101,36101,0.0,15.19090909090909,51.34705092322046
36,103,36103,554.0,21.11111111111111,54.17392953368567
36,105,36105,12.0,16.46,33.33188182046106
36,107,36107,5.0,15.779999999999998,37.85460849113986
36,109,36109,31.0,19.77,51.29500550687162
36,111,36111,0.0,18.9375,34.33301134187166
36,113,36113,0.0,20.91111111111111,56.79303256518446
36,117,36117,0.0,23.816666666666666,37.983607095207894
36,119,36119,473.0,20.1,74.63035862039267
36,121,36121,4.0,20.400000000000002,37.8219683999413
37,1,37001,29.0,18.273684210526316,32.94806264412965
37,13,37013,0.0,20.444444444444443,30.881815876236367
37,19,37019,14.0,20.194117647058825,29.5474279281484
37,21,37021,125.0,18.384615384615383,45.048317662168806
37,23,37023,9.0,17.233333333333334,28.593714144300208
37,25,37025,39.0,17.007692307692306,32.87224730067712
37,27,37027,0.0,17.991666666666667,27.079066071756007
37,31,37031,8.0,19.21875,29.572948660096944
37,35,37035,26.0,20.021428571428572,52.051030208346674
37,37,37037,17.0,19.76923076923077,20.1097361184249
37,45,37045,7.0,16.32857142857143,35.74428574372926
37,47,37047,7.0,14.8,23.428934952022477
37,49,37049,18.0,20.91,41.38733143730532
37,51,37051,43.0,17.16,48.07950631975623
37,53,37053,0.0,17.4,23.763179783736682
37,55,37055,10.0,18.741666666666667,50.00923415791257
37,57,37057,16.0,20.330000000000002,28.68833400358279
37,59,37059,0.0,19.083333333333332,27.90911267538189
37,61,37061,3.0,20.56,37.67438921651222
37,63,37063,122.0,18.80909090909091,115.21878583417812
37,67,37067,72.0,21.38888888888889,58.403415661767504
37,69,37069,0.0,17.625,19.367707387342247
37,71,37071,23.0,15.844444444444443,30.50880873071119
37,81,37081,114.0,19.09090909090909,59.71970255047883
37,83,37083,0.0,17.3,26.074397705544932
37,85,37085,11.0,20.28181818181818,16.497238899287783
37,87,37087,9.0,21.166666666666668,25.33596752096769
37,89,37089,15.0,20.766666666666666,36.341836370769286
37,91,37091,3.0,21.322222222222223,32.51525018547523
37,93,37093,5.0,18.900000000000002,16.716364535580453
37,97,37097,47.0,17.8,42.58266292889198
37,99,37099,7.0,15.7375,30.758969442780106
37,101,37101,0.0,15.19090909090909,23.84904566631599
37,105,37105,9.0,16.46,52.20165537998495
37,107,37107,5.0,15.779999999999998,43.981461663272
37,109,37109,10.0,19.77,25.445990261353472
37,113,37113,0.0,20.91111111111111,28.652019906323186
37,115,37115,3.0,13.516666666666666,17.155478521572118
37,119,37119,414.0,20.1,92.67768904272496
37,121,37121,0.0,20.400000000000002,28.746420323325633
37,125,37125,20.0,19.400000000000002,32.777653915979236
37,127,37127,0.0,15.9,80.83825763612218
37,129,37129,71.0,23.0,53.96332311498822
37,133,37133,22.0,20.049999999999997,41.54593248047331
37,135,37135,85.0,19.599999999999998,51.77253687981271
37,139,37139,0.0,19.633333333333333,35.71837859707682
37,141,37141,6.0,15.15,19.556706576435886
37,145,37145,5.0,14.833333333333334,33.146763506625895
37,147,37147,30.0,14.933333333333335,43.73830488882845
37,149,37149,7.0,24.7,22.15581873348341
37,151,37151,11.0,16.15,27.415306629698865
37,153,37153,0.0,23.44,38.475762976654124
37,155,37155,6.0,11.16,22.846676652730892
37,157,37157,6.0,17.28333333333333,31.92467728196055
37,159,37159,18.0,13.9,33.74150712537786
37,161,37161,0.0,19.8,23.87435924417119
37,165,37165,5.0,20.775,27.06206799266469
37,167,37167,4.0,17.833333333333332,28.17253388090349
37,169,37169,7.0,22.65,22.62860983435955
37,173,37173,3.0,19.55,36.255067567567565
37,179,37179,38.0,21.625,27.43050946666967
37,183,37183,431.0,20.675,64.64922334298029
37,189,37189,14.0,23.75,35.32421706819416
37,191,37191,9.0,14.9,37.77390438247012
37,193,37193,0.0,14.4,31.12694636993798
37,195,37195,10.0,14.4,47.07457697931899
38,15,38015,19.0,16.352941176470587,55.887249382929895
38,17,38017,37.0,19.985714285714288,63.8063532997304
38,35,38035,0.0,20.021428571428572,52.643205475545415
38,59,38059,0.0,19.083333333333332,48.78405801922885
38,71,38071,4.0,15.844444444444443,47.52358735095905
38,89,38089,5.0,20.766666666666666,79.56524607468003
38,93,38093,4.0,18.900000000000002,58.44287206762276
38,101,38101,16.0,15.19090909090909,51.06292008961912
38,105,38105,4.0,16.46,149.50346336128328
39,1,39001,3.0,18.273684210526316,46.040464083649645
39,3,39003,19.0,20.436842105263157,69.6014670161391
39,5,39005,3.0,19.740909090909092,29.94238165819246
39,7,39007,5.0,18.366666666666667,27.571900792926527
39,9,39009,6.0,18.923076923076923,29.920397175236033
39,11,39011,0.0,19.292307692307695,45.31783826292105
39,13,39013,8.0,20.444444444444443,93.60773127785278
39,17,39017,69.0,19.985714285714288,47.2709407988246
39,23,39023,12.0,17.233333333333334,32.11494982290437
39,25,39025,22.0,17.007692307692306,36.95613505732913
39,27,39027,0.0,17.991666666666667,43.64634932766486
39,29,39029,6.0,17.3,28.348772278742445
39,35,39035,277.0,20.021428571428572,69.18090410298703
39,37,39037,6.0,19.76923076923077,36.661087463163774
39,39,39039,3.0,16.2375,43.16854167210462
39,41,39041,71.0,22.988888888888887,50.59275012433687
39,43,39043,10.0,17.255555555555556,65.11728960182569
39,45,39045,19.0,16.32857142857143,25.289270488233043
39,49,39049,284.0,20.91,67.56096774888373
39,51,39051,5.0,17.16,46.432168526574614
39,55,39055,20.0,18.741666666666667,38.97006230363704
39,57,39057,38.0,20.330000000000002,51.93363870772031
39,59,39059,6.0,19.083333333333332,58.85441721215812
39,61,39061,201.0,20.56,82.35925055304605
39,63,39063,12.0,18.80909090909091,69.22090374529851
39,69,39069,4.0,17.625,39.50522521210356
39,75,39075,3.0,16.733333333333334,50.279149926953984
39,77,39077,3.0,17.077777777777776,37.072020787390805
39,83,39083,7.0,17.3,30.654705061941094
39,85,39085,35.0,20.28181818181818,45.029664651002825
39,87,39087,0.0,21.166666666666668,25.595148795387917
39,89,39089,25.0,20.766666666666666,31.150616951218083
39,91,39091,3.0,21.322222222222223,40.59051695607087
39,93,39093,46.0,18.900000000000002,32.390530606899034
39,95,39095,78.0,17.91111111111111,55.54580714529631
39,97,39097,0.0,17.8,39.94978505442239
39,99,39099,35.0,15.7375,37.068783776206885
39,101,39101,4.0,15.19090909090909,39.42772933433105
39,103,39103,38.0,21.11111111111111,35.44138193034781
39,107,39107,0.0,15.779999999999998,46.32694054956659
39,109,39109,10.0,19.77,38.31601348949376
39,113,39113,108.0,20.91111111111111,47.77160720092784
39,119,39119,0.0,20.1,41.44405525234776
39,123,39123,0.0,21.95,45.6496357526552
39,133,39133,22.0,20.049999999999997,33.101375863770976
39,137,39137,5.0,20.6,33.55433792637424
39,139,39139,14.0,19.633333333333333,35.58611241391227
39,141,39141,0.0,15.15,32.63500810372771
39,145,39145,4.0,14.833333333333334,37.9014843048744
39,147,39147,5.0,14.933333333333335,29.421177698968478
39,149,39149,0.0,24.7,58.44486933049773
39,151,39151,61.0,16.15,40.29610738685398
39,153,39153,132.0,23.44,49.897324677915755
39,155,39155,28.0,11.16,35.06035182280012
39,157,39157,10.0,17.28333333333333,38.27056878235402
39,159,39159,6.0,13.9,66.54287960795787
39,165,39165,54.0,20.775,42.18385834509622
39,167,39167,0.0,17.833333333333332,52.4240114340162
39,169,39169,9.0,22.65,42.893102704568
39,171,39171,5.0,17.9,41.90785461806211
39,173,39173,27.0,19.55,47.13087626637015
40,13,40013,4.0,20.444444444444443,29.47042247270791
40,17,40017,16.0,19.985714285714288,25.98349407923444
40,19,40019,14.0,20.194117647058825,56.64127089057368
40,21,40021,4.0,18.384615384615383,22.388459631435417
40,27,40027,73.0,17.991666666666667,25.48993153884331
40,31,40031,11.0,19.21875,35.55796076901825
40,37,40037,0.0,19.76923076923077,24.186208550191118
40,39,40039,0.0,16.2375,53.56906304638486
40,47,40047,8.0,14.8,53.595793082456225
40,51,40051,0.0,17.16,23.455410204044085
40,65,40065,0.0,17.625,43.601861265347615
40,71,40071,3.0,15.844444444444443,37.168972616385894
40,83,40083,5.0,17.3,13.399571989586551
40,87,40087,4.0,21.166666666666668,24.082992694955035
40,101,40101,0.0,15.19090909090909,42.52570137179543
40,109,40109,168.0,19.77,82.01848352434698
40,113,40113,0.0,20.91111111111111,19.158183738120382
40,119,40119,0.0,20.1,37.31404866433515
40,121,40121,4.0,20.400000000000002,35.63830501645289
40,123,40123,4.0,21.95,52.12455274360782
40,125,40125,3.0,19.400000000000002,26.143686988577652
40,131,40131,0.0,17.740000000000002,27.02197607050101
40,137,40137,3.0,20.6,32.527600298015486
40,143,40143,151.0,19.8,70.21879291753712
40,145,40145,0.0,14.833333333333334,12.804906937394247
40,147,40147,0.0,14.933333333333335,153.8255538203482
40,153,40153,4.0,23.44,61.82994323557237
41,3,41003,32.0,20.436842105263157,50.81680245668506
41,5,41005,98.0,19.740909090909092,47.250123761757365
41,7,41007,10.0,18.366666666666667,44.617921674863894
41,9,41009,7.0,18.923076923076923,23.328918278327723
41,11,41011,8.0,19.292307692307695,32.44149012253461
41,13,41013,7.0,20.444444444444443,29.917760279965005
41,17,41017,67.0,19.985714285714288,45.01501816667712
41,19,41019,0.0,20.194117647058825,31.12725886814903
41,27,41027,0.0,17.991666666666667,45.8360362716889
41,29,41029,61.0,17.3,37.52192672230867
41,33,41033,10.0,16.3,29.03690512814445
41,35,41035,10.0,20.021428571428572,32.81383865006514
41,39,41039,108.0,16.2375,40.396700149392935
41,41,41041,9.0,22.988888888888887,35.946287018834425
41,43,41043,10.0,17.255555555555556,34.773865569816806
41,47,41047,60.0,14.8,42.244649012113676
41,51,41051,339.0,17.16,72.66538272757366
41,53,41053,14.0,17.4,21.496548088268522
41,57,41057,3.0,20.330000000000002,36.4218653250774
41,59,41059,3.0,19.083333333333332,42.36810623436197
41,61,41061,4.0,20.56,35.07028283611003
41,65,41065,5.0,17.625,49.71767820298205
41,67,41067,213.0,21.38888888888889,79.18432327455858
41,71,41071,0.0,15.844444444444443,32.565695641130844
42,1,42001,0.0,18.273684210526316,34.220673498114955
42,3,42003,310.0,20.436842105263157,68.40213483191756
42,5,42005,9.0,19.740909090909092,34.92316106507634
42,7,42007,28.0,18.366666666666667,39.99241798038784
42,11,42011,59.0,19.292307692307695,43.107675090252705
42,13,42013,23.0,20.444444444444443,42.1744724858902
42,15,42015,4.0,16.352941176470587,87.69304260228122
42,17,42017,186.0,19.985714285714288,47.63015773696459
42,19,42019,40.0,20.194117647058825,52.98782690984171
42,21,42021,15.0,18.384615384615383,32.79333338239948
42,25,42025,0.0,17.007692307692306,33.02791191960867
42,27,42027,35.0,17.991666666666667,49.34185725134768
42,29,42029,191.0,17.3,80.04776237146655
42,31,42031,0.0,19.21875,30.469584742044546
42,33,42033,0.0,16.3,32.171171730465986
42,37,42037,0.0,19.76923076923077,33.706582601516175
42,39,42039,6.0,16.2375,33.23076214492153
42,41,42041,54.0,22.988888888888887,54.98734748841542
42,43,42043,56.0,17.255555555555556,75.45209985036348
42,45,42045,150.0,16.32857142857143,53.071471678286926
42,49,42049,41.0,20.91,39.09430369266435
42,51,42051,15.0,17.16,29.552290477620907
42,55,42055,17.0,18.741666666666667,35.37814944805004
42,59,42059,3.0,19.083333333333332,119.02879104397664
42,61,42061,0.0,20.56,27.039377489821828
42,63,42063,13.0,18.80909090909091,44.4106827188594
42,65,42065,0.0,17.625,34.755863346739574
42,69,42069,0.0,17.625,41.22565578411021
42,71,42071,90.0,15.844444444444443,48.03101991820971
42,73,42073,10.0,20.119999999999997,31.227935759540298
42,75,42075,13.0,16.733333333333334,39.774437565399374
42,77,42077,71.0,17.077777777777776,58.490417823900835
42,79,42079,44.0,18.45,45.32418248895425
42,81,42081,0.0,19.09090909090909,56.93227785576873
42,85,42085,14.0,20.28181818181818,35.81455339147884
42,87,42087,3.0,21.166666666666668,33.76502626367002
42,89,42089,0.0,20.766666666666666,33.049149462661234
42,91,42091,331.0,21.322222222222223,82.61586681927061
42,95,42095,58.0,17.91111111111111,40.51274170020037
42,99,42099,8.0,15.7375,19.19070142551986
42,101,42101,263.0,15.19090909090909,68.07390977774125
42,103,42103,3.0,21.11111111111111,21.85389767809363
42,107,42107,10.0,15.779999999999998,32.52624283545988
42,109,42109,5.0,19.77,34.25555829430614
42,111,42111,3.0,18.9375,33.22974384744575
42,115,42115,0.0,13.516666666666666,132.57879470706683
42,119,42119,7.0,20.1,38.44684392755682
42,121,42121,3.0,20.400000000000002,32.31526096822996
42,123,42123,0.0,21.95,38.394373528318255
42,125,42125,36.0,19.400000000000002,70.58341720400075
42,127,42127,9.0,15.9,28.77663775747251
42,129,42129,48.0,23.0,35.772029089074785
42,133,42133,59.0,20.049999999999997,41.38647176945203
44,1,44001,20.0,18.273684210526316,31.170779962470426
44,3,44003,42.0,20.436842105263157,48.30806282467137
44,5,44005,25.0,19.740909090909092,62.90663910388923
44,7,44007,150.0,18.366666666666667,51.0702157474152
44,9,44009,39.0,18.923076923076923,47.056113796655836
45,3,45003,0.0,20.436842105263157,35.6584091197113
45,7,45007,19.0,18.366666666666667,30.927920318889242
45,13,45013,45.0,20.444444444444443,35.59685136853376
45,15,45015,27.0,16.352941176470587,32.712957895148364
45,19,45019,131.0,20.194117647058825,68.93157095452588
45,21,45021,3.0,18.384615384615383,30.428920051636634
45,27,45027,0.0,17.991666666666667,16.23755709099426
45,29,45029,5.0,17.3,23.7804475665895
45,31,45031,5.0,19.21875,33.112531817912746
45,35,45035,16.0,20.021428571428572,19.581415275910253
45,41,45041,18.0,22.988888888888887,47.5556133018616
45,43,45043,11.0,17.255555555555556,34.941570457709
45,45,45045,141.0,16.32857142857143,54.465500925903264
45,47,45047,0.0,14.8,37.09598319543876
45,51,45051,43.0,17.16,35.31267690998304
45,53,45053,3.0,17.4,33.347314764245404
45,55,45055,7.0,18.741666666666667,27.87485486553488
45,57,45057,0.0,20.330000000000002,38.1734377888704
45,63,45063,57.0,18.80909090909091,38.06285521694398
45,71,45071,6.0,15.844444444444443,32.72078915440207
45,73,45073,7.0,20.119999999999997,45.9138503279509
45,75,45075,9.0,16.733333333333334,34.46670631536424
45,77,45077,0.0,17.077777777777776,27.329570436973544
45,79,45079,79.0,18.45,56.27586700883496
45,81,45081,0.0,19.09090909090909,18.802501483092744
45,83,45083,0.0,17.3,44.08619832601131
45,85,45085,15.0,20.28181818181818,34.431890779388894
45,91,45091,56.0,21.322222222222223,39.5690563608621
46,11,46011,15.0,19.292307692307695,55.17277502448289
46,65,46065,4.0,17.625,61.27088549965855
46,81,46081,9.0,19.09090909090909,38.37868734511152
46,83,46083,8.0,17.3,39.5516774229966
46,93,46093,0.0,18.900000000000002,26.316965935121555
46,99,46099,41.0,15.7375,78.51906239790918
46,103,46103,36.0,21.11111111111111,46.99845550561382
46,127,46127,0.0,15.9,85.75463862281465
46,135,46135,4.0,19.599999999999998,54.07127096204766
47,1,47001,10.0,18.273684210526316,56.49205697794488
47,5,47005,0.0,19.740909090909092,19.83558251826173
47,9,47009,25.0,18.923076923076923,36.69784087780705
47,11,47011,0.0,19.292307692307695,42.43422144193853
47,21,47021,0.0,18.384615384615383,23.514441115000125
47,25,47025,3.0,17.007692307692306,22.38307039219413
47,31,47031,5.0,19.21875,46.57648777601065
47,35,47035,0.0,20.021428571428572,25.98693664271718
47,37,47037,187.0,19.76923076923077,90.00411898773739
47,43,47043,4.0,17.255555555555556,30.85080150367153
47,45,47045,5.0,16.32857142857143,37.59850070196816
47,51,47051,5.0,17.16,23.85366089330145
47,59,47059,0.0,19.083333333333332,30.754144775248104
47,63,47063,0.0,18.80909090909091,45.47192940991098
47,65,47065,65.0,17.625,64.01668410469586
47,77,47077,3.0,17.077777777777776,25.70802108358134
47,79,47079,0.0,18.45,35.4530266869169
47,93,47093,86.0,18.900000000000002,52.3530730555445
47,99,47099,0.0,15.7375,23.958817590570778
47,103,47103,5.0,21.11111111111111,25.842113108547238
47,105,47105,0.0,16.46,28.91382486672938
47,113,47113,11.0,20.91111111111111,53.2025396630809
47,119,47119,0.0,20.1,36.48365408761957
47,125,47125,26.0,19.400000000000002,24.8456381428274
47,141,47141,10.0,15.15,42.52141864619864
47,145,47145,5.0,14.833333333333334,43.015266598647166
47,147,47147,5.0,14.933333333333335,31.31502734232592
47,149,47149,53.0,24.7,42.90655574020961
47,155,47155,8.0,11.16,36.0693340870785
47,157,47157,155.0,17.28333333333333,60.00407422532673
47,163,47163,0.0,18.633333333333333,44.171749116720655
47,165,47165,28.0,20.775,33.24728276333011
47,177,47177,5.0,18.400000000000002,31.08351156428749
47,179,47179,0.0,21.625,42.29475549087688
47,183,47183,0.0,20.675,32.37944102321175
47,187,47187,93.0,20.099999999999998,93.16967303132998
47,189,47189,18.0,23.75,33.18142526809132
48,1,48001,5.0,18.273684210526316,30.428645643929556
48,5,48005,8.0,19.740909090909092,36.81022805017104
48,13,48013,0.0,20.444444444444443,95.5394171046345
48,15,48015,0.0,16.352941176470587,43.01700122900451
48,21,48021,10.0,18.384615384615383,22.192264587951087
48,27,48027,0.0,17.991666666666667,43.38503622520847
48,29,48029,332.0,17.3,49.40383529844546
48,31,48031,3.0,19.21875,26.747858237893407
48,37,48037,14.0,19.76923076923077,39.130367917979385
48,39,48039,79.0,16.2375,42.95915547912542
48,41,48041,53.0,22.988888888888887,42.91413474240423
48,49,48049,4.0,20.91,33.740201656654406
48,53,48053,6.0,17.4,28.9002821156452
48,55,48055,7.0,18.741666666666667,20.80988555643252
48,61,48061,40.0,20.56,23.17377397959548
48,67,48067,0.0,21.38888888888889,24.544790490736435
48,71,48071,3.0,15.844444444444443,54.157447241809436
48,73,48073,4.0,20.119999999999997,29.36366631778889
48,85,48085,353.0,20.28181818181818,61.35488335202253
48,91,48091,44.0,21.322222222222223,40.4041750580945
48,97,48097,4.0,17.8,63.85070653286914
48,99,48099,5.0,15.7375,19.81681131129811
48,113,48113,594.0,20.91111111111111,91.58009343264061
48,121,48121,240.0,20.400000000000002,35.04789196757799
48,135,48135,14.0,19.599999999999998,75.26988519621943
48,139,48139,25.0,19.633333333333333,30.103959973673305
48,141,48141,104.0,15.15,33.62413080585752
48,157,48157,236.0,17.28333333333333,32.583879306346034
48,167,48167,65.0,17.833333333333332,43.56293900069742
48,171,48171,6.0,17.9,31.996684529087474
48,181,48181,11.0,13.7,35.47575032105655
48,183,48183,21.0,20.675,61.221414563783405
48,187,48187,27.0,20.099999999999998,56.85409804558318
48,199,48199,0.0,19.5,22.484685585698212
48,201,48201,868.0,16.4,77.74540378683638
48,203,48203,0.0,13.6,66.35241569828544
48,209,48209,54.0,18.5,30.639879287426286
48,213,48213,3.0,9.5,20.628333354248497
48,215,48215,78.0,15.200000000000001,24.276637535599896
48,223,48223,3.0,13.5,35.95491107461939
48,231,48231,8.0,14.5,38.41699696640907
48,245,48245,36.0,13.05,93.33091753281954
48,251,48251,21.0,13.1,38.35078321564808
48,257,48257,12.0,14.2,38.30628983387316
48,303,48303,67.0,18.9,40.77953778326545
48,309,48309,49.0,16.4,48.4838963047371
48,329,48329,0.0,20.4,141.4239162387496
48,339,48339,135.0,22.1,39.90392703858651
48,347,48347,4.0,14.4,38.43552307715828
48,355,48355,54.0,13.6,52.728704767855746
48,361,48361,0.0,12.5,36.618300778224025
48,367,48367,11.0,18.8,29.70865254082548
48,375,48375,0.0,10.7,62.303579971954136
48,381,48381,20.0,22.4,26.101691280102948
48,397,48397,26.0,25.6,31.829108323932136
48,409,48409,0.0,7.9,34.00767194580286
48,423,48423,35.0,18.4,44.561106187324825
48,439,48439,410.0,21.2,52.755893480534866
48,441,48441,29.0,15.2,42.82420163846023
48,451,48451,11.0,15.5,43.094802661967734
48,453,48453,524.0,31.6,82.18310889830221
48,469,48469,0.0,12.9,49.299088703861536
48,471,48471,0.0,15.8,27.847157502329917
48,479,48479,27.0,11.9,47.45147316262647
48,485,48485,23.0,16.6,40.39266038337203
48,491,48491,183.0,27.4,43.37094467385253
48,497,48497,7.0,9.3,58.96380856008981
49,3,49003,0.0,20.436842105263157,43.670173623088424
49,5,49005,37.0,19.740909090909092,38.635383413141795
49,11,49011,98.0,19.292307692307695,38.9781358123095
49,19,49019,0.0,20.194117647058825,53.690381391450124
49,21,49021,19.0,18.384615384615383,29.791996536368135
49,35,49035,386.0,20.021428571428572,70.38210716544683
49,43,49043,29.0,17.255555555555556,73.23928418615188
49,45,49045,0.0,16.32857142857143,28.20390801332134
49,47,49047,9.0,14.8,64.61701015326197
49,49,49049,228.0,20.91,39.22841789015015
49,51,49051,0.0,17.16,26.229475192793284
49,53,49053,31.0,17.4,32.88939881859144
49,57,49057,46.0,20.330000000000002,38.99324459957149
50,1,50001,16.0,18.273684210526316,41.18634080108622
50,3,50003,9.0,20.436842105263157,41.199117989682144
50,5,50005,6.0,19.740909090909092,33.14436159079016
50,7,50007,99.0,18.366666666666667,63.705121595179676
50,11,50011,6.0,19.292307692307695,35.12010406424123
50,15,50015,11.0,16.352941176470587,42.10880870152038
50,17,50017,9.0,19.985714285714288,25.35043770111761
50,19,50019,0.0,20.194117647058825,35.26281028533264
50,21,50021,14.0,18.384615384615383,41.56875460821771
50,23,50023,38.0,17.233333333333334,58.24911826344755
50,25,50025,40.0,17.007692307692306,50.02330840948952
50,27,50027,22.0,17.991666666666667,41.911039019554835
51,1,51001,0.0,18.273684210526316,81.35858708891595
51,9,51009,5.0,18.923076923076923,24.406926679028253
51,13,51013,107.0,20.444444444444443,132.74846427980168
51,15,51015,12.0,16.352941176470587,
51,19,51019,13.0,20.194117647058825,23.542751458244418
51,23,51023,3.0,17.233333333333334,36.04407372771426
51,31,51031,6.0,19.21875,
51,33,51033,4.0,16.3,19.594666934323666
51,41,51041,85.0,22.988888888888887,44.651415102772994
51,43,51043,3.0,17.255555555555556,32.34680064196497
51,47,51047,6.0,14.8,32.224098805100915
51,53,51053,4.0,17.4,
51,59,51059,552.0,19.083333333333332,
51,61,51061,19.0,20.56,37.15431394906879
51,63,51063,3.0,18.80909090909091,23.188534051558293
51,67,51067,6.0,21.38888888888889,23.14288252749791
51,73,51073,4.0,20.119999999999997,22.259700283515592
51,75,51075,11.0,16.733333333333334,90.32449882607911
51,79,51079,3.0,18.45,23.955707073335763
51,83,51083,4.0,17.3,36.47313731087639
51,85,51085,32.0,20.28181818181818,49.97513999496212
51,87,51087,112.0,21.166666666666668,76.4116263928189
51,89,51089,0.0,20.766666666666666,
51,93,51093,0.0,18.900000000000002,41.68046550290939
51,99,51099,0.0,15.7375,65.77155374745736
51,103,51103,3.0,21.11111111111111,37.057522123893804
51,107,51107,185.0,15.779999999999998,61.603794338927486
51,109,51109,4.0,19.77,57.51724930342114
51,117,51117,0.0,23.816666666666666,35.1135695597403
51,121,51121,21.0,20.400000000000002,
51,125,51125,0.0,19.400000000000002,35.616564623561864
51,127,51127,5.0,15.9,19.649515178092873
51,137,51137,7.0,20.6,25.654558343967107
51,141,51141,3.0,15.15,23.68955340238334
51,145,51145,7.0,14.833333333333334,23.6352771118319
51,147,51147,4.0,14.933333333333335,30.517443129721
51,153,51153,107.0,23.44,
51,157,51157,3.0,17.28333333333333,37.491235222176925
51,165,51165,10.0,20.775,
51,173,51173,3.0,19.55,33.190778963512045
51,179,51179,40.0,21.625,33.143866136767755
51,191,51191,0.0,14.9,
51,197,51197,4.0,21.7,56.878408152024235
51,510,51510,78.0,22.133333333333336,90.88500420140909
51,550,51550,66.0,21.0,39.94159976211716
51,650,51650,19.0,16.4,48.39710102381564
51,700,51700,40.0,16.6,63.882550131378785
51,710,51710,50.0,18.0,82.58957404212377
51,740,51740,0.0,14.7,58.42901105342489
51,760,51760,69.0,23.0,82.99303279430671
51,770,51770,26.0,13.2,65.63284859197364
51,800,51800,15.0,14.5,48.377176147268244
51,810,51810,141.0,22.2,43.887512026254456
53,5,53005,41.0,19.740909090909092,53.341328616641036
53,7,53007,25.0,18.366666666666667,54.75938939018872
53,9,53009,12.0,18.923076923076923,31.273873554923135
53,11,53011,112.0,19.292307692307695,38.11988440873142
53,15,53015,19.0,16.352941176470587,42.00231682594845
53,17,53017,4.0,19.985714285714288,44.90806948379943
53,21,53021,12.0,18.384615384615383,38.35805170324492
53,25,53025,9.0,17.007692307692306,60.11797259687433
53,27,53027,7.0,17.991666666666667,33.859937862121086
53,29,53029,27.0,17.3,33.58519975598521
53,31,53031,19.0,19.21875,30.486109291049665
53,33,53033,1154.0,16.3,121.54835115496344
53,35,53035,75.0,20.021428571428572,42.625519982387225
53,37,53037,10.0,19.76923076923077,35.83860860815076
53,39,53039,5.0,16.2375,53.898828641602115
53,41,53041,13.0,22.988888888888887,44.18344471925485
53,45,53045,7.0,16.32857142857143,23.442040637333722
53,47,53047,8.0,14.8,34.48328781690311
53,53,53053,165.0,17.4,45.07746514701376
53,55,53055,7.0,18.741666666666667,39.60187411380309
53,57,53057,35.0,20.330000000000002,58.50934483466831
53,61,53061,208.0,20.56,48.35593545311334
53,63,53063,135.0,18.80909090909091,45.832188180062104
53,65,53065,5.0,17.625,24.306648729992247
53,67,53067,69.0,21.38888888888889,43.48977527465402
53,71,53071,0.0,15.844444444444443,50.03775349971601
53,73,53073,77.0,20.119999999999997,62.54649380928654
53,75,53075,0.0,16.733333333333334,50.027555760137254
53,77,53077,39.0,17.077777777777776,38.742289923835685
54,3,54003,8.0,20.436842105263157,27.115625839978495
54,11,54011,15.0,19.292307692307695,44.733818938605616
54,19,54019,4.0,20.194117647058825,22.129007667817586
54,25,54025,0.0,17.007692307692306,28.762041494243167
54,29,54029,0.0,17.3,42.965041275358445
54,33,54033,10.0,16.3,60.769996200940994
54,37,54037,0.0,19.76923076923077,24.903400211951933
54,39,54039,34.0,16.2375,51.79518919005255
54,49,54049,14.0,20.91,38.73035793194874
54,61,54061,0.0,20.56,59.668640023140334
54,69,54069,10.0,17.625,71.04523842819187
54,79,54079,6.0,18.45,45.77861732928466
54,81,54081,9.0,19.09090909090909,35.78507594329221
54,83,54083,3.0,17.3,25.79016877058178
54,107,54107,13.0,15.779999999999998,38.376790364583336
54,109,54109,0.0,19.77,26.315860822413015
55,3,55003,4.0,20.436842105263157,43.23106660751632
55,5,55005,4.0,19.740909090909092,41.031967899819215
55,9,55009,56.0,18.923076923076923,63.69048541883072
55,17,55017,0.0,19.985714285714288,40.14079911734573
55,21,55021,0.0,18.384615384615383,47.53079767564712
55,25,55025,217.0,17.007692307692306,77.0245621484325
55,27,55027,5.0,17.991666666666667,36.804708936276796
55,29,55029,0.0,17.3,41.997522136792625
55,31,55031,7.0,19.21875,40.29807139737489
55,33,55033,4.0,16.3,37.23497514685947
55,35,55035,0.0,20.021428571428572,55.788324803687935
55,39,55039,5.0,16.2375,46.25081796986736
55,43,55043,6.0,17.255555555555556,39.720613814695994
55,45,55045,6.0,16.32857142857143,39.41910548156988
55,49,55049,0.0,20.91,45.28439938920936
55,55,55055,9.0,18.741666666666667,46.76682902607997
55,59,55059,20.0,19.083333333333332,36.817912154676385
55,61,55061,0.0,20.56,40.715133968004714
55,63,55063,0.0,18.80909090909091,53.55817216920957
55,69,55069,5.0,17.625,36.83428591841109
55,71,55071,0.0,15.844444444444443,49.091428212851405
55,73,55073,26.0,20.119999999999997,58.2159239576327
55,77,55077,3.0,17.077777777777776,23.580585597467685
55,79,55079,186.0,18.45,55.668251469287654
55,81,55081,4.0,19.09090909090909,44.4333929320354
55,85,55085,4.0,20.28181818181818,41.04585313419326
55,87,55087,0.0,21.166666666666668,54.72527388590633
55,89,55089,47.0,20.766666666666666,52.07601033968366
55,93,55093,5.0,18.900000000000002,24.728933197496726
55,95,55095,4.0,17.91111111111111,32.516040435745936
55,97,55097,14.0,17.8,48.646246323059216
55,101,55101,29.0,15.19090909090909,42.06508936397046
55,105,55105,20.0,16.46,41.14892138985027
55,109,55109,0.0,19.77,33.23524821555622
55,111,55111,12.0,18.9375,50.61899273760657
55,113,55113,3.0,20.91111111111111,36.159912109375
55,115,55115,0.0,13.516666666666666,29.858639634383508
55,117,55117,16.0,23.816666666666666,57.51673414774011
55,125,55125,0.0,19.400000000000002,37.95592825529933
55,127,55127,25.0,15.9,36.24804454074643
55,131,55131,21.0,17.740000000000002,41.076063508177384
55,133,55133,138.0,20.049999999999997,68.45966914609647
55,135,55135,4.0,19.599999999999998,36.51354281620878
55,139,55139,27.0,19.633333333333333,53.85937831780111
55,141,55141,10.0,15.15,49.628760537676875
56,1,56001,11.0,18.273684210526316,39.56949715370019
56,5,56005,12.0,19.740909090909092,132.44623410092277
56,13,56013,0.0,20.444444444444443,39.874188432373494
56,19,56019,0.0,20.194117647058825,54.10079420696099
56,21,56021,31.0,18.384615384615383,53.52564644288939
56,25,56025,22.0,17.007692307692306,61.84147711143749
56,29,56029,0.0,17.3,45.40306052739445
56,33,56033,0.0,16.3,40.738786543852626
56,37,56037,0.0,19.76923076923077,88.92224942169919
56,39,56039,0.0,16.2375,90.67211970509968
